<keymap version="1" name="Windows copy" parent="$default">
  <action id="$Paste">
    <keyboard-shortcut first-keystroke="shift insert" />
  </action>
  <action id="$Redo">
    <keyboard-shortcut first-keystroke="shift alt back_space" />
  </action>
  <action id="$Undo">
    <keyboard-shortcut first-keystroke="alt back_space" />
  </action>
  <action id="AceAction">
    <keyboard-shortcut first-keystroke="ctrl alt l" />
  </action>
  <action id="ActivateProjectToolWindow">
    <keyboard-shortcut first-keystroke="alt 1" />
    <keyboard-shortcut first-keystroke="ctrl f" />
  </action>
  <action id="ActivateTerminalToolWindow">
    <keyboard-shortcut first-keystroke="alt f12" />
    <keyboard-shortcut first-keystroke="shift ctrl alt close_bracket" />
  </action>
  <action id="CloseActiveTab" />
  <action id="CloseContent">
    <keyboard-shortcut first-keystroke="ctrl w" />
  </action>
  <action id="CollapseAllRegions">
    <keyboard-shortcut first-keystroke="ctrl v" />
  </action>
  <action id="CollapseRegion">
    <keyboard-shortcut first-keystroke="ctrl z" />
  </action>
  <action id="CommentByLineComment">
    <keyboard-shortcut first-keystroke="ctrl m" />
  </action>
  <action id="ContextHelp" />
  <action id="Diff.FocusOppositePane" />
  <action id="Diff.FocusOppositePaneAndScroll" />
  <action id="DuplicatesForm.SendToLeft" />
  <action id="DuplicatesForm.SendToRight" />
  <action id="EditorScrollToCenter" />
  <action id="EditorSelectWord" />
  <action id="EmmetNextEditPoint">
    <keyboard-shortcut first-keystroke="shift alt quote" />
  </action>
  <action id="EmmetPreviousEditPoint">
    <keyboard-shortcut first-keystroke="alt quote" />
  </action>
  <action id="ExpandAllRegions">
    <keyboard-shortcut first-keystroke="shift ctrl v" />
  </action>
  <action id="ExpandRegion">
    <keyboard-shortcut first-keystroke="ctrl add" />
    <keyboard-shortcut first-keystroke="ctrl equals" />
    <keyboard-shortcut first-keystroke="shift ctrl z" />
  </action>
  <action id="ExportToTextFile" />
  <action id="FileChooser.GotoHome" />
  <action id="FileChooser.GotoProject" />
  <action id="FileChooser.NewFolder">
    <keyboard-shortcut first-keystroke="alt insert" />
  </action>
  <action id="Find">
    <keyboard-shortcut first-keystroke="alt f3" />
  </action>
  <action id="GotoBookmark1" />
  <action id="GotoBookmark2" />
  <action id="GotoChangedFile" />
  <action id="GotoClass">
    <keyboard-shortcut first-keystroke="alt a" />
  </action>
  <action id="GotoFile">
    <keyboard-shortcut first-keystroke="ctrl n" />
    <keyboard-shortcut first-keystroke="ctrl alt f" />
  </action>
  <action id="IntroduceField" />
  <action id="MaintenanceAction" />
  <action id="NewDir">
    <keyboard-shortcut first-keystroke="shift ctrl alt f16" />
  </action>
  <action id="NewFile">
    <keyboard-shortcut first-keystroke="shift ctrl alt semicolon" />
  </action>
  <action id="NextSplitter">
    <keyboard-shortcut first-keystroke="alt o" />
    <keyboard-shortcut first-keystroke="ctrl 2" />
  </action>
  <action id="NextTab">
    <keyboard-shortcut first-keystroke="ctrl tab" />
  </action>
  <action id="NextWindow">
    <keyboard-shortcut first-keystroke="shift ctrl alt comma" />
  </action>
  <action id="OptimizeImports">
    <keyboard-shortcut first-keystroke="shift ctrl alt f18" />
  </action>
  <action id="PasteMultiple">
    <keyboard-shortcut first-keystroke="shift ctrl insert" />
  </action>
  <action id="PrevSplitter">
    <keyboard-shortcut first-keystroke="ctrl 1" />
    <keyboard-shortcut first-keystroke="f1" />
  </action>
  <action id="PreviousTab">
    <keyboard-shortcut first-keystroke="shift ctrl tab" />
  </action>
  <action id="ReformatCode">
    <keyboard-shortcut first-keystroke="shift ctrl alt period" />
  </action>
  <action id="Run">
    <keyboard-shortcut first-keystroke="shift f10" />
    <keyboard-shortcut first-keystroke="shift ctrl alt equals" />
  </action>
  <action id="RunClass">
    <keyboard-shortcut first-keystroke="shift ctrl f10" />
    <keyboard-shortcut first-keystroke="f10" />
  </action>
  <action id="SaveAll">
    <keyboard-shortcut first-keystroke="alt z" />
  </action>
  <action id="ScrollTreeToCenter" />
  <action id="ShowFilterPopup" />
  <action id="ShowSettings">
    <keyboard-shortcut first-keystroke="ctrl alt s" />
    <keyboard-shortcut first-keystroke="shift ctrl alt f15" />
  </action>
  <action id="SplitVertically">
    <keyboard-shortcut first-keystroke="shift ctrl alt f22" />
  </action>
  <action id="Stop">
    <keyboard-shortcut first-keystroke="ctrl f2" />
    <keyboard-shortcut first-keystroke="shift ctrl alt open_bracket" />
  </action>
  <action id="SurroundWith">
    <keyboard-shortcut first-keystroke="alt period" />
  </action>
  <action id="Switcher" />
  <action id="UsageGrouping.FileStructure" />
  <action id="Vcs.Log.GoToRef">
    <keyboard-shortcut first-keystroke="alt f3" />
  </action>
  <action id="Vcs.Push">
    <keyboard-shortcut first-keystroke="shift ctrl k" />
    <keyboard-shortcut first-keystroke="shift ctrl alt f17" />
  </action>
  <action id="Vcs.ReformatCommitMessage">
    <keyboard-shortcut first-keystroke="shift ctrl alt period" />
  </action>
  <action id="Vcs.ShowMessageHistory">
    <keyboard-shortcut first-keystroke="ctrl e" />
  </action>
</keymap>